months_as_customer,policy_deductable,umbrella_limit,capital-gains,capital-loss,incident_hour_of_the_day,number_of_vehicles_involved,bodily_injuries,witnesses,injury_claim,property_claim,vehicle_claim,fraud_reported
328,1000,0,53300,0,5,1,1,2,6510,13020,52080,Y
228,2000,5000000,0,0,8,1,0,0,780,780,3510,Y
134,2000,5000000,35100,0,7,3,2,3,7700,3850,23100,N
256,2000,6000000,48900,-62400,5,1,1,2,6340,6340,50720,Y
228,1000,6000000,66000,-46000,20,1,0,1,1300,650,4550,N
256,1000,0,0,0,19,3,0,2,6410,6410,51280,Y
137,1000,0,0,-77000,0,3,0,0,21450,7150,50050,N
165,1000,0,0,0,23,3,2,2,9380,9380,32830,N
27,500,0,0,0,21,1,1,1,2770,2770,22160,N
212,500,0,0,-39300,14,1,2,1,4700,4700,32900,N
235,500,4000000,38400,0,22,1,2,2,7910,15820,63280,N
447,2000,0,0,-51000,21,3,1,2,17680,17680,79560,N
60,500,3000000,0,0,9,1,1,0,4710,9420,42390,N
121,1000,0,52800,-32800,5,1,1,1,1120,1120,5040,N
180,2000,0,41300,-55500,12,1,0,2,4200,8400,33600,Y
473,2000,0,55700,0,12,4,0,0,10520,10520,42080,Y
70,1000,5000000,63600,0,0,3,1,2,5790,5790,40530,N
140,500,6000000,53500,0,9,1,0,2,14160,7080,56640,N
160,500,0,45500,-37800,19,1,1,0,6630,13260,53040,N
196,2000,0,57000,-27300,8,3,2,0,6040,6040,48320,N
460,1000,4000000,0,0,20,3,1,0,0,5240,41920,N
217,2000,0,46700,0,15,3,1,2,0,4730,33110,N
370,2000,0,72700,-68200,20,3,0,0,17880,5960,47680,Y
413,2000,0,0,-31000,15,1,2,2,8180,16360,73620,Y
237,1000,0,0,-53500,6,1,1,3,7080,14160,56640,N
8,2000,0,0,0,16,3,1,3,16500,11000,44000,Y
257,2000,0,0,-29200,4,1,1,3,1640,820,6560,N
202,500,3000000,31000,-30200,5,1,2,1,1040,520,4160,Y
224,2000,0,0,-55600,21,1,1,0,7760,15520,46560,N
241,2000,0,0,0,5,1,2,2,14100,14100,63450,N
64,1000,0,53200,0,22,4,0,0,12600,12600,50400,N
166,2000,8000000,27500,0,10,3,2,2,7460,7460,52220,Y
155,1000,0,81100,0,16,3,2,3,3310,3310,23170,N
114,1000,0,51400,-64000,1,3,1,2,14020,14020,49070,N
149,500,0,0,0,17,1,0,1,10800,5400,48600,N
147,1000,6000000,53300,-49200,15,1,2,0,10620,5310,37170,Y
62,1000,0,0,0,3,1,1,1,6020,6020,48160,Y
289,2000,0,0,0,16,1,1,1,1230,820,3280,N
431,2000,0,65700,0,4,3,2,0,12460,6230,43610,N
199,500,0,48500,0,4,1,0,3,10940,10940,38290,Y
79,500,0,0,-55700,19,1,2,2,8000,4000,28000,N
116,500,0,0,-24100,1,1,1,1,16180,16180,64720,Y
37,500,0,0,-67400,17,3,1,0,5740,5740,40180,N
106,500,0,49700,-60200,23,1,2,2,5680,5680,39760,N
269,2000,0,36400,-28700,14,1,0,2,11280,11280,33840,N
265,1000,0,0,0,17,3,2,3,6890,0,48230,N
163,500,0,35300,0,11,3,1,1,0,14020,63090,N
355,2000,4000000,0,0,19,3,2,1,6280,6280,50240,Y
175,1000,8000000,0,0,5,1,2,0,810,810,5670,N
192,1000,0,0,-40300,19,1,0,0,15320,7660,53620,N
430,2000,7000000,0,0,19,3,0,3,16360,8180,57260,N
91,2000,0,0,0,4,1,1,2,1320,660,5280,N
217,1000,0,0,0,8,1,2,1,430,430,3440,N
223,500,0,88400,-46500,7,3,1,0,12820,12820,44870,N
195,1000,0,47600,-39600,5,1,0,1,480,480,1680,N
22,1000,0,71500,0,3,1,1,2,15780,7890,55230,N
439,500,0,36100,-55000,12,3,2,3,0,6270,50160,N
94,1000,0,0,0,19,1,1,3,300,300,1800,N
11,2000,0,56600,-45800,22,1,0,1,7310,7310,51170,N
151,2000,0,94800,-58500,12,3,1,1,11440,5720,45760,N
154,500,0,36900,0,15,3,2,1,15440,0,54040,Y
245,1000,0,69100,0,23,3,0,3,7380,3690,33210,N
119,1000,0,0,-49500,12,1,0,3,5630,11260,39410,N
215,500,0,0,-49000,20,3,2,2,11420,5710,51390,Y
295,2000,5000000,62400,0,16,3,0,0,6570,6570,45990,Y
254,500,0,35700,0,6,3,2,2,13720,6860,61740,Y
107,500,7000000,43400,-91200,12,1,0,1,13800,13800,62100,Y
478,500,0,59600,0,17,3,1,1,0,3770,30160,N
128,1000,0,43300,-66200,8,1,0,3,12460,6230,49840,N
338,1000,0,0,-51500,13,1,0,1,860,860,2580,N
271,500,0,56200,-50000,12,2,2,3,12420,6210,49680,Y
222,2000,0,37800,-50300,7,1,0,2,6810,6810,47670,Y
199,1000,0,0,0,10,1,1,2,3010,0,27090,N
215,500,0,0,-42900,7,3,2,0,9520,4760,42840,N
192,1000,0,0,0,18,3,1,0,9540,4770,28620,N
120,1000,0,78300,0,22,3,2,0,11380,5690,34140,N
270,1000,0,0,-19700,18,3,1,1,14900,7450,67050,N
319,500,0,0,0,22,3,0,2,10860,10860,38010,N
194,1000,6000000,0,-45000,15,1,2,2,1240,1240,5580,N
227,500,0,0,0,16,1,1,2,14440,7220,50540,Y
137,2000,0,52700,-40600,6,3,1,2,10160,10160,30480,N
244,2000,5000000,0,0,10,1,2,1,660,1320,4620,N
78,1000,6000000,0,0,3,1,2,2,750,1500,5250,N
200,2000,0,57300,-80600,13,1,0,3,1180,1180,4130,N
284,2000,0,0,-44200,16,2,2,3,5540,11080,44320,Y
275,2000,0,35700,0,13,3,0,1,5830,11660,40810,N
153,1000,4000000,800,0,9,3,2,1,11400,11400,45600,N
134,500,0,36400,0,2,1,2,1,11680,11680,40880,N
31,2000,9000000,0,-78600,9,1,0,1,940,470,3290,N
41,1000,0,0,-56100,12,3,2,0,0,5640,39480,Y
127,2000,5000000,0,0,12,2,1,1,10300,10300,46350,N
61,2000,4000000,0,-62400,14,1,0,3,8940,17880,71520,Y
207,2000,0,55200,0,9,1,0,1,590,590,4720,N
219,1000,0,90700,-20800,3,3,1,1,5890,11780,53010,N
271,500,0,0,0,21,3,1,0,17040,8520,68160,N
80,2000,5000000,67700,-58400,5,1,2,0,1260,630,5040,N
325,1000,0,61500,0,11,1,0,3,6630,6630,59670,Y
29,2000,0,0,-71700,4,4,1,2,7210,7210,50470,Y
295,1000,0,0,0,6,1,1,2,900,900,3600,N
239,1000,0,0,0,10,1,0,0,700,700,4200,N
269,500,0,0,-72300,23,1,0,0,15860,15860,47580,N
80,1000,0,0,0,13,1,1,0,10560,5280,36960,N
279,500,0,37300,-31700,16,3,2,3,0,3600,25200,N
165,1000,0,35300,-58100,3,1,1,1,330,330,2310,N
350,500,0,50500,0,15,3,0,0,15580,7790,70110,N
295,500,0,34300,-24300,4,1,1,3,480,480,3360,N
464,1000,0,0,-56400,6,3,0,2,6650,19950,53200,Y
118,2000,0,0,-57000,22,2,1,0,7420,14840,51940,N
298,2000,0,28800,0,1,1,0,0,10860,10860,48870,Y
87,1000,0,0,-47500,16,3,0,3,5540,11080,44320,Y
261,500,0,0,0,18,1,1,2,7470,14940,52290,N
453,500,6000000,52600,-38800,0,1,0,0,14000,7000,49000,Y
210,500,0,0,-41000,12,3,2,0,14740,14740,51590,N
168,1000,0,0,-40600,13,2,1,1,14430,9620,33670,N
390,2000,0,0,0,9,1,1,1,1180,1180,4720,N
258,1000,10000000,34400,-56800,14,3,0,1,4770,9540,33390,Y
107,2000,0,62000,-63100,16,1,0,3,9320,9320,32620,N
225,2000,0,41200,-36200,20,3,2,2,6400,12800,51200,Y
164,2000,0,44300,0,4,1,1,3,18000,9000,63000,N
245,500,8000000,58000,0,7,3,0,1,13240,6620,52960,N
255,2000,4000000,0,0,22,1,2,0,13860,13860,41580,N
206,500,4000000,0,-53700,11,1,2,1,12760,12760,51040,Y
203,500,0,0,0,7,1,0,1,0,6160,49280,Y
22,2000,0,51100,0,0,4,1,0,8570,17140,51420,N
211,500,0,0,0,1,1,1,1,7000,7000,28000,N
206,1000,6000000,47200,-69700,12,3,2,3,3300,9900,23100,N
166,2000,0,59600,-32100,8,1,0,0,5760,5760,28800,N
165,500,0,70500,0,9,1,2,0,330,660,2970,N
274,2000,0,40700,-47300,22,1,0,3,10640,10640,42560,Y
81,1000,6000000,42400,0,0,3,1,2,4970,4970,34790,Y
280,1000,0,57900,0,0,3,1,2,14120,14120,56480,N
194,500,0,0,0,3,3,2,2,6150,12300,43050,N
112,500,0,60000,-54800,21,3,0,1,8500,8500,34000,N
24,1000,0,0,-45200,0,1,2,1,4680,9360,32760,N
93,2000,0,65300,-65600,16,1,1,1,17360,8680,52080,N
171,2000,0,84900,0,14,1,1,2,13840,6920,48440,Y
200,1000,0,45300,-20400,9,1,0,0,410,410,2870,N
120,1000,0,68900,0,9,3,0,3,6550,6550,52400,N
325,500,0,46300,-77500,21,3,1,2,13840,6920,55360,N
124,1000,0,0,-43200,19,3,0,2,12260,12260,49040,N
211,2000,0,76000,0,2,1,0,1,9460,4730,37840,N
287,2000,0,0,-49000,9,1,2,3,470,940,3760,N
122,1000,0,58600,-28700,5,1,2,1,1890,1260,5040,N
22,2000,6000000,0,-56200,14,1,2,3,7080,14160,49560,Y
106,2000,0,54100,0,20,3,0,3,5070,5070,35490,N
398,500,0,0,-57900,18,1,2,1,7640,15280,76400,Y
214,500,4000000,0,-57100,13,3,2,0,12800,6400,44800,Y
209,500,0,58100,0,21,1,1,1,4730,4730,37840,N
82,1000,0,13100,-38200,14,1,2,3,8960,8960,53760,Y
193,500,0,0,0,1,1,1,0,17280,17280,77760,Y
134,1000,0,0,0,17,1,1,0,7520,15040,60160,N
288,1000,0,0,0,4,3,2,1,10680,5340,32040,N
104,500,0,31900,-44600,23,3,1,3,9780,9780,44010,Y
431,1000,0,17600,0,13,3,2,3,10540,10540,42160,N
101,1000,7000000,52000,-44500,20,3,1,3,9040,9040,36160,Y
375,1000,0,0,0,16,1,2,3,0,0,37280,Y
461,2000,0,0,0,10,3,2,1,7210,14420,50470,N
428,500,7000000,0,0,8,1,2,3,1300,650,4550,N
45,1000,0,29000,0,17,3,2,0,13040,13040,52160,N
136,500,0,62500,-66900,9,1,2,0,1240,620,4340,N
216,1000,0,39600,-82400,0,1,2,3,560,1680,3920,N
278,2000,7000000,0,-54000,12,1,2,0,11700,11700,52650,N
295,1000,0,49700,-59100,20,2,2,1,13240,13240,59580,N
112,1000,0,47700,-59300,3,1,2,0,10790,21580,75530,Y
122,500,0,38100,-31400,18,3,2,0,18180,18180,63630,N
108,1000,0,71400,0,4,3,2,2,11160,5580,44640,N
14,2000,0,0,-26900,18,1,2,1,12960,12960,45360,Y
298,1000,0,0,-51100,18,3,0,0,12800,6400,44800,N
276,500,0,0,-50000,7,1,0,1,660,660,4620,N
47,2000,0,75400,0,18,1,1,0,670,670,5360,N
222,500,0,0,0,23,3,0,0,11940,7960,31840,N
119,2000,0,88800,0,1,1,0,1,6700,6700,40200,Y
73,1000,0,35100,-59900,15,3,1,0,4990,4990,34930,N
8,500,4000000,0,-88300,2,3,0,2,11100,7400,29600,N
294,1000,0,53900,0,3,1,0,1,610,1220,4270,N
324,2000,6000000,0,-41300,13,1,1,0,15920,15920,47760,N
155,500,0,0,0,1,1,1,1,8560,8560,59920,N
261,1000,0,0,-45100,16,1,0,1,11380,11380,39830,N
245,500,0,27000,-58900,0,1,0,1,13100,13100,58950,N
235,500,4000000,0,-31700,1,1,2,1,450,900,3600,N
53,2000,0,72200,0,17,3,2,0,10220,5110,35770,N
426,2000,0,29600,-22300,13,1,2,3,16800,16800,67200,N
111,500,4000000,51100,0,12,1,2,3,16540,16540,57890,N
86,500,7000000,0,-30300,11,1,1,1,14880,7440,59520,Y
296,1000,7000000,0,0,18,1,0,2,5490,5490,43920,N
125,500,7000000,0,-51300,17,1,2,3,8060,16120,64480,Y
177,2000,0,0,-57700,22,3,1,1,2250,2250,13500,N
238,2000,0,0,-39200,9,1,1,3,1100,550,3850,N
81,500,5000000,51000,-67900,11,3,1,0,13440,6720,53760,Y
128,1000,0,62700,0,11,1,0,2,18520,18520,64820,N
449,2000,0,25000,0,8,1,0,1,980,980,3430,N
252,1000,0,68500,-57500,18,1,1,2,5610,5610,39270,N
359,2000,0,0,0,13,1,0,3,5550,11100,38850,N
19,1000,0,42900,-90200,8,1,1,1,1280,640,5120,N
73,2000,4000000,29300,0,9,3,0,1,5020,0,35140,N
285,1000,0,0,0,17,2,2,3,6960,6960,41760,N
196,2000,0,0,0,3,1,1,1,530,530,4240,Y
223,500,0,0,0,6,1,0,3,650,650,3900,N
328,500,0,45100,-32800,17,1,2,1,5940,11880,41580,N
285,2000,0,47600,0,7,1,1,1,280,280,1960,N
30,2000,0,0,0,9,1,2,1,960,960,3840,N
342,500,0,63100,-13800,3,1,2,0,7670,7670,61360,N
219,2000,7000000,0,0,6,1,0,2,740,740,4440,N
468,500,0,0,0,7,3,0,3,7150,7150,50050,N
241,2000,0,0,0,21,3,1,2,4240,2120,12720,N
223,500,0,66400,-34400,14,1,2,1,5440,5440,43520,N
128,2000,0,0,-39300,0,1,1,0,5980,5980,47840,Y
124,500,0,0,0,14,3,0,3,7200,7200,57600,N
343,500,3000000,0,0,13,4,2,3,7230,14460,43380,N
404,500,0,25500,-36700,8,1,0,1,1760,880,6160,N
63,2000,0,0,0,7,1,2,0,1020,1020,4080,N
210,2000,0,59900,0,9,1,1,2,1180,590,5310,N
335,1000,6000000,62200,-31400,12,3,2,3,8580,4290,21450,N
11,2000,0,24000,0,6,3,1,0,9720,9720,34020,Y
142,2000,5000000,0,0,11,1,1,3,6780,13560,61020,Y
272,1000,0,0,0,5,3,1,2,7370,14740,58960,Y
69,2000,0,0,0,14,1,2,2,5260,10520,47340,N
38,1000,0,0,-39700,17,1,2,1,1440,720,5040,N
328,500,0,24800,0,0,1,2,3,12780,6390,51120,Y
281,1000,6000000,0,0,21,3,1,0,9260,9260,41670,N
246,2000,0,0,-58600,18,1,1,2,11160,5580,44640,Y
298,500,0,47800,0,17,1,2,2,2810,5620,19670,N
330,1000,0,0,0,19,1,0,0,8920,8920,31220,N
362,500,4000000,53000,-72500,17,3,1,1,6340,6340,44380,N
241,2000,0,0,0,23,3,0,3,12980,12980,51920,N
245,2000,0,24400,-60500,4,1,0,1,7350,14700,51450,N
371,1000,7000000,0,-37100,2,2,2,0,6840,13680,68400,N
343,1000,0,0,0,2,1,0,2,12990,4330,30310,Y
377,500,0,0,-64000,10,3,1,3,6560,6560,45920,N
154,1000,0,0,-67800,2,1,0,3,14460,7230,57840,N
166,1000,0,65600,-68200,18,1,0,2,4880,4880,43920,N
298,1000,6000000,36900,-55000,18,1,2,3,3050,6100,24400,N
235,500,0,39900,-60200,7,4,2,1,6910,6910,55280,N
172,2000,0,63600,-68700,19,3,2,0,14500,14500,50750,N
27,2000,0,0,-32500,10,3,0,2,5360,10720,37520,Y
428,2000,0,0,-24400,16,3,1,0,12760,6380,57420,N
99,1000,3000000,0,0,17,1,1,1,4570,4570,31990,N
107,2000,0,40600,0,2,3,2,3,14300,7150,57200,Y
272,2000,0,33300,-10600,19,1,1,1,6460,12920,51680,N
151,1000,0,54000,0,0,1,1,1,3530,3530,31770,N
249,1000,0,0,0,16,1,0,0,5350,5350,42800,N
177,2000,0,0,-74500,20,1,2,0,7370,7370,58960,Y
190,2000,0,36900,-53700,10,1,2,1,630,630,5040,N
174,2000,0,53200,-53800,21,3,2,2,10900,10900,43600,N
95,1000,0,0,-70300,3,1,1,2,640,320,2240,N
371,1000,0,60300,-24700,7,1,0,3,7540,15080,52780,Y
2,1000,0,0,0,19,1,0,2,6460,6460,45220,N
269,500,4000000,0,-41400,15,3,0,1,15180,15180,68310,Y
101,1000,0,25900,0,7,1,0,3,1180,590,4130,N
94,2000,0,0,-52600,19,1,1,3,6410,6410,51280,N
117,500,0,47500,-32500,13,2,0,1,5040,10080,40320,Y
111,500,5000000,0,0,2,3,1,2,7350,14700,58800,Y
242,500,0,0,-44600,5,1,1,1,680,680,6120,N
440,500,0,41500,-70200,21,1,2,3,5960,5960,41720,Y
20,1000,0,0,0,21,3,2,2,5750,11500,46000,Y
461,500,7000000,0,0,7,3,0,1,9840,9840,39360,N
208,500,0,0,0,16,3,1,0,10100,5050,35350,N
279,2000,0,0,0,13,1,0,1,6410,12820,38460,Y
244,500,0,0,0,2,1,1,3,660,660,4620,N
134,2000,0,0,0,19,3,0,2,5310,5310,37170,Y
122,1000,0,0,-47100,17,1,0,1,350,350,3150,N
156,2000,0,0,0,3,1,2,0,5900,5900,47200,Y
232,500,8000000,0,-33600,17,3,0,1,7060,14120,49420,Y
244,2000,7000000,0,-45000,5,3,1,1,5590,11180,44720,N
84,2000,0,44400,-51500,9,1,1,0,5240,10480,41920,N
394,500,0,51500,0,9,1,1,0,1060,1060,4770,N
246,1000,0,34400,-33100,9,3,2,2,11840,5920,35520,Y
35,2000,0,52100,-46900,22,3,0,0,15660,7830,54810,N
156,500,0,0,-61000,15,3,0,3,4610,4610,32270,N
195,2000,0,57800,-53300,14,3,2,3,12540,6270,50160,N
369,2000,0,55400,0,6,3,2,0,17060,8530,59710,N
271,1000,0,71200,0,6,1,0,0,560,280,2240,N
332,2000,0,91900,0,22,4,2,0,11040,11040,49680,Y
107,500,0,62800,0,14,3,1,0,11940,11940,35820,N
217,2000,0,49900,-19800,16,3,0,2,10820,10820,43280,N
243,500,0,0,-75700,10,3,0,1,4170,4170,29190,N
296,2000,0,53100,-63400,9,3,1,2,7120,7120,49840,N
264,500,0,55600,0,4,1,1,0,10980,5490,43920,Y
108,2000,0,0,0,6,3,0,1,5850,11700,46800,Y
32,500,6000000,0,0,15,3,2,1,14180,7090,49630,N
259,1000,0,0,-83900,12,3,1,3,7760,7760,31040,N
186,1000,0,37600,-37600,3,1,2,1,860,860,3010,Y
201,2000,0,0,0,14,1,0,0,1240,1240,4340,N
436,2000,5000000,47400,-27600,10,1,0,2,11980,5990,41930,Y
189,2000,0,0,-49400,17,3,1,3,13260,13260,53040,N
105,500,0,0,-40900,8,1,0,1,12780,6390,51120,N
163,1000,6000000,26900,0,14,3,2,0,5810,11620,46480,N
219,500,0,68700,0,6,1,1,0,640,640,5120,N
88,1000,0,0,0,6,1,1,2,7420,7420,51940,Y
40,1000,4000000,0,-33300,8,1,0,2,1460,1460,5840,N
284,500,-1000000,0,0,13,1,0,1,8560,17120,68480,N
59,2000,0,64200,-32300,0,3,0,2,5730,11460,34380,N
39,2000,0,0,-15700,14,3,1,0,10540,10540,31620,Y
147,1000,0,0,-48300,13,1,2,2,15540,15540,69930,N
156,500,0,0,-51800,16,4,1,2,5340,5340,42720,Y
123,500,0,0,-54600,13,1,1,2,12020,12020,48080,N
231,2000,0,0,-58100,15,3,2,2,7710,15420,53970,N
247,500,0,0,0,3,1,2,3,600,0,2700,N
194,500,0,0,0,7,1,1,0,1080,540,4320,N
119,2000,0,27100,0,16,2,1,0,7080,21240,35400,N
259,500,0,0,-39300,15,1,1,3,1280,640,5760,N
107,2000,5000000,20000,-82700,21,3,1,2,14420,21630,57680,N
48,2000,0,34000,-55600,23,3,0,2,17460,17460,52380,N
267,500,5000000,0,-35200,5,1,0,2,1260,630,3780,N
286,500,0,54100,-77600,15,3,0,0,13160,6580,46060,N
175,500,0,82400,-57100,14,1,2,1,4080,4080,28560,Y
111,500,2000000,0,0,1,1,1,1,4800,9600,38400,Y
151,500,0,44000,0,14,3,1,2,5910,5910,47280,Y
156,1000,6000000,0,-53800,17,3,1,1,14080,7040,56320,N
165,2000,0,0,-39700,20,3,2,2,4570,4570,36560,N
253,2000,0,81300,0,10,3,2,2,7340,14680,58720,Y
10,2000,0,0,-22200,3,3,0,3,2850,5700,22800,Y
158,2000,0,0,-38600,0,1,0,0,3500,7000,24500,N
436,1000,0,39000,0,10,3,2,2,13600,6800,47600,N
91,2000,8000000,43900,0,13,3,2,0,13000,13000,58500,N
256,1000,0,0,-39500,14,1,2,1,7550,15100,52850,N
274,1000,0,0,0,22,3,1,3,15100,15100,60400,N
275,2000,0,39400,-63900,8,3,1,1,5360,10720,48240,N
1,500,0,0,0,1,3,1,0,6340,3170,22190,N
85,1000,0,51600,-73900,19,1,0,1,12380,12380,49520,Y
233,2000,0,61600,-30200,17,1,0,2,13420,6710,60390,N
142,2000,0,58500,-46800,13,3,0,3,6360,12720,44520,N
266,500,0,0,0,4,1,1,2,3280,3280,26240,N
350,500,0,0,0,14,3,0,2,9820,4910,29460,N
97,1000,0,0,0,4,2,2,2,10080,5040,35280,Y
399,2000,0,0,-65400,23,3,1,1,17680,8840,61880,N
305,2000,0,0,-42100,21,3,0,2,12100,6050,48400,N
276,1000,0,0,0,23,3,0,0,5980,11960,47840,N
257,500,0,0,0,6,3,0,2,9420,4710,37680,Y
78,1000,4000000,0,-27900,21,1,1,0,5060,10120,40480,Y
129,1000,0,0,0,23,1,2,3,9920,4960,29760,N
283,2000,0,53500,-73600,3,3,1,3,7060,14120,56480,Y
85,500,0,67000,-53600,8,1,2,2,940,940,3760,N
101,1000,0,0,0,4,1,2,2,580,580,2030,N
96,500,6000000,38900,-48700,22,1,0,0,0,6680,46760,N
121,1000,6000000,0,0,16,1,0,1,7250,7250,50750,N
176,500,4000000,0,-56600,14,3,2,1,4920,4920,34440,N
159,1000,0,0,-53700,13,1,2,0,7810,7810,54670,N
120,500,0,39600,-64300,20,1,1,1,8710,8710,69680,N
212,2000,0,35400,-49200,0,3,1,3,4580,4580,41220,N
290,500,0,0,-61000,23,3,2,2,12960,6480,45360,Y
299,2000,0,25000,0,13,1,1,3,12800,12800,44800,N
66,1000,0,0,0,8,1,2,2,0,10520,47340,Y
334,500,0,0,0,3,1,0,3,960,960,4320,N
216,1000,5000000,0,0,16,1,2,3,16650,11100,38850,Y
86,2000,0,75800,0,19,1,0,2,11820,11820,47280,N
429,1000,6000000,67400,-43800,0,1,2,0,6580,6580,26320,N
257,2000,6000000,46400,-74300,12,1,2,2,10540,5270,47430,N
15,1000,0,56700,0,21,3,1,0,12300,6150,49200,N
230,1000,7000000,68600,-22300,0,1,1,3,14840,14840,44520,Y
250,1000,0,47900,-73400,22,1,1,3,12980,12980,38940,N
270,2000,0,47200,0,20,3,1,0,7180,3590,25130,Y
65,500,3000000,0,-41500,0,1,1,3,5220,10440,36540,N
475,500,0,67400,-83200,20,1,0,2,6500,13000,58500,N
77,2000,0,56400,-32800,1,3,0,0,6720,6720,53760,N
256,500,0,56700,-65600,11,1,0,0,11500,5750,46000,N
229,2000,0,65600,0,14,3,1,1,11460,5730,51570,N
110,1000,0,30400,0,20,3,0,2,10840,10840,43360,N
177,1000,0,0,-13200,22,1,1,3,20700,13800,48300,Y
292,500,0,0,0,12,1,1,0,6170,6170,49360,N
451,2000,2000000,0,-42600,3,3,2,1,15620,7810,54670,Y
61,500,0,47400,0,15,3,2,1,9360,9360,46800,Y
150,1000,0,0,0,8,1,0,2,450,450,3600,N
283,500,0,60700,-54300,13,3,0,2,0,6100,36600,Y
291,1000,0,0,-55300,8,1,2,2,620,620,4340,Y
162,1000,0,30700,0,7,1,0,0,360,720,2520,Y
154,2000,7000000,68500,0,9,1,2,0,280,280,2240,N
289,2000,0,73000,-37900,15,1,1,0,6000,6000,42000,N
10,1000,0,0,-60700,5,1,0,2,4450,8900,35600,Y
309,500,0,69400,0,15,4,0,1,15560,15560,46680,N
396,1000,0,0,-22400,22,3,2,1,11680,5840,35040,N
273,1000,0,0,0,16,2,1,2,4010,8020,32080,N
129,2000,0,51500,0,7,1,1,3,13520,6760,54080,N
140,2000,6000000,59000,0,2,1,1,2,680,680,4760,Y
419,2000,6000000,45700,0,17,4,0,0,5190,10380,46710,N
315,1000,6000000,0,-56800,12,3,1,0,4860,4860,17010,N
72,500,0,0,-85900,9,1,1,0,6620,6620,52960,N
32,2000,6000000,0,-79800,16,1,1,2,9100,4550,31850,N
230,1000,0,0,0,19,3,2,0,4420,4420,44200,N
157,2000,0,0,-54100,14,3,1,2,10160,5080,35560,Y
265,2000,6000000,81800,0,18,3,1,3,4420,4420,35360,N
47,500,0,64800,-24300,23,1,1,3,11440,5720,45760,N
113,2000,0,36100,-42300,15,3,0,2,5550,5550,38850,Y
289,2000,0,0,0,18,1,0,1,6270,6270,43890,Y
254,2000,0,0,0,16,1,2,2,18220,18220,63770,N
115,500,0,46400,0,12,3,1,0,5460,5460,38220,N
236,1000,0,0,-62500,16,1,0,1,16710,5570,44560,N
7,1000,0,0,-45300,21,1,1,2,6940,6940,48580,N
208,2000,5000000,0,0,15,3,0,1,11420,11420,39970,N
126,1000,2000000,36700,-73400,21,1,1,2,6770,6770,40620,N
48,500,0,0,-51000,1,1,0,2,9680,4840,33880,N
297,1000,3000000,54900,-36700,17,3,0,0,5720,5720,40040,N
160,1000,0,0,-36600,5,3,2,1,5170,10340,36190,N
406,2000,0,0,-42700,15,3,1,2,10920,5460,49140,N
157,500,7000000,40700,-41600,2,4,2,2,4770,9540,33390,Y
146,2000,0,61400,-57500,3,1,2,0,580,580,4060,N
409,1000,6000000,55600,0,19,1,1,0,6110,12220,54990,N
252,1000,0,0,-28800,17,1,0,2,14980,7490,52430,N
6,500,0,0,-47400,7,1,0,1,580,290,2320,N
103,1000,6000000,0,0,21,1,1,0,12820,6410,57690,N
369,2000,0,0,0,10,2,1,3,7090,14180,56720,N
261,1000,0,0,0,11,1,1,0,9180,9180,41310,N
159,2000,0,69200,-36900,23,3,2,0,8160,4080,32640,Y
344,2000,0,0,0,14,1,0,2,7530,15060,60240,N
437,1000,0,48800,0,10,1,1,3,7680,15360,61440,Y
65,500,4000000,0,-66300,6,3,2,3,15960,7980,55860,N
280,2000,0,29300,-64700,10,3,0,3,9640,9640,33740,N
269,500,0,54800,-64100,5,3,0,0,2200,4400,17600,N
275,2000,0,0,-45300,17,1,1,3,7860,7860,27510,N
265,500,0,0,0,3,1,2,3,290,580,2320,N
283,2000,0,0,-50400,9,1,0,3,1300,650,3900,N
84,1000,0,0,-29900,6,1,2,0,620,1240,4960,N
247,2000,0,64000,0,22,3,2,2,11580,11580,46320,N
56,1000,0,0,0,10,3,1,2,7880,15760,70920,N
210,1000,0,0,0,4,1,1,2,780,780,6240,N
108,2000,4000000,63900,-43700,23,1,1,3,5570,11140,44560,N
328,500,0,0,0,19,1,0,2,8930,8930,53580,N
186,2000,0,0,0,22,1,1,2,11120,5560,38920,N
277,500,0,0,0,6,1,1,3,1000,500,3500,N
138,500,5000000,56900,-56900,6,1,2,0,14740,14740,66330,N
208,1000,0,0,0,18,1,2,2,6930,13860,48510,N
147,1000,0,0,0,22,1,1,0,13520,20280,47320,N
8,500,0,0,0,21,1,0,0,14040,14040,63180,N
297,1000,0,0,-54700,12,1,0,0,6060,12120,42420,N
150,1000,0,52800,0,6,3,0,3,6480,12960,45360,Y
4,500,0,0,0,0,4,0,0,6080,12160,48640,Y
210,1000,0,44900,-91400,11,1,0,2,5820,5820,46560,N
91,1000,4000000,63600,0,19,1,1,0,6730,6730,47110,N
167,1000,0,0,-38400,22,3,0,0,8710,8710,52260,Y
467,2000,0,82200,0,2,1,2,3,5570,11140,38990,N
264,2000,10000000,0,-67400,16,4,1,2,5670,5670,51030,N
270,500,0,83200,-53300,23,3,0,0,9880,0,44460,N
310,1000,0,0,0,21,1,1,0,6130,6130,42910,Y
143,500,0,67900,0,10,1,2,3,11700,5850,40950,N
146,2000,0,0,0,12,1,0,3,6660,6660,46620,N
102,500,0,55200,0,6,1,1,0,7340,7340,58720,N
61,500,0,54600,0,6,1,1,2,4650,4650,32550,N
255,2000,6000000,68500,0,7,1,2,2,640,1280,4480,Y
211,1000,0,0,0,3,1,1,1,580,290,2320,N
61,1000,0,0,-66000,10,1,2,1,590,590,4720,N
108,2000,0,0,0,14,1,0,2,6370,6370,44590,N
303,500,0,54600,-45500,17,3,0,3,13660,13660,54640,N
152,500,0,0,0,16,1,0,0,6400,19200,44800,Y
120,1000,0,77900,0,3,1,2,1,580,580,2610,N
144,2000,6000000,23600,-15600,7,1,0,0,740,1480,5180,N
414,500,0,44000,-71000,13,1,1,1,6090,6090,42630,Y
163,500,6000000,0,-67300,20,1,2,3,4940,9880,34580,N
352,500,0,0,0,23,1,2,2,12500,6250,50000,N
27,500,0,37900,0,11,1,1,0,12300,6150,43050,N
239,500,0,0,0,0,4,0,3,6990,13980,55920,N
33,500,5000000,70300,-50300,2,1,0,1,6230,12460,37380,N
88,1000,0,42800,-51200,3,1,2,0,14000,0,42000,N
101,1000,0,12100,0,3,1,1,0,780,390,3120,N
20,500,0,33000,-43600,15,3,2,1,6750,6750,47250,N
126,2000,0,46500,-42700,23,1,2,3,4430,4430,39870,N
264,2000,0,0,-8500,9,3,2,0,17300,17300,60550,N
78,500,0,0,0,20,1,0,1,680,680,6120,N
123,2000,0,38000,-41200,5,1,2,1,13300,6650,59850,Y
347,500,9000000,0,-12100,15,1,0,2,8630,17260,77670,N
163,2000,0,51700,0,13,1,2,3,15900,7950,55650,N
271,500,0,0,0,16,1,2,2,6930,13860,55440,Y
410,2000,0,0,-17000,0,1,0,2,9920,9920,39680,N
448,2000,0,38600,-50300,10,3,2,1,5970,5970,35820,Y
218,500,0,37900,-72900,14,3,2,0,15380,7690,61520,N
43,1000,0,64400,0,1,3,2,2,6850,6850,47950,N
33,1000,6000000,45500,-60600,16,1,2,1,8140,8140,65120,N
126,2000,0,54500,0,2,3,0,1,10620,5310,42480,N
411,1000,0,0,0,23,3,0,0,3510,3510,31590,N
225,1000,5000000,49600,0,19,3,2,2,9600,9600,38400,N
35,2000,0,0,-51900,23,3,2,2,5910,11820,35460,N
460,2000,0,62500,0,10,1,2,3,5830,11660,40810,Y
195,2000,6000000,38000,-50300,12,3,1,2,7180,0,57440,N
360,1000,0,0,-62400,15,3,2,0,15080,15080,60320,N
300,1000,0,0,0,3,1,1,0,1180,1180,4720,N
245,1000,7000000,0,-68900,19,1,2,2,590,1180,4720,Y
146,2000,0,34500,-60600,16,3,1,1,5590,5590,44720,N
67,1000,0,60400,-67800,16,1,0,3,6380,6380,51040,Y
380,1000,0,66000,0,10,1,0,1,7270,7270,43620,Y
389,2000,0,0,0,6,1,1,2,630,1260,4410,Y
317,1000,0,43700,0,18,1,2,1,19020,19020,66570,Y
264,500,6000000,0,0,20,3,0,2,12700,6350,50800,N
20,1000,0,0,-41200,14,1,0,0,12580,6290,44030,N
116,500,0,0,-35500,8,3,0,3,6630,6630,46410,Y
222,1000,0,49600,-49200,17,2,2,0,16300,8150,57050,N
439,500,0,48900,-40900,9,1,2,0,15000,5000,30000,N
66,2000,0,0,-31700,0,1,2,1,8780,8780,30730,N
128,1000,0,0,-76000,2,1,0,0,5370,5370,48330,N
69,500,0,0,0,23,3,0,0,12660,6330,44310,N
294,500,0,0,0,8,1,0,3,11960,11960,41860,N
19,500,0,0,0,6,3,0,2,11600,11600,52200,Y
191,2000,0,45000,-30400,3,1,1,1,250,250,1750,N
4,1000,6000000,64200,0,14,3,1,3,4510,9020,40590,N
298,500,0,0,-71700,16,3,0,2,11580,11580,46320,N
231,2000,0,0,0,12,1,1,2,10300,10300,46350,N
338,2000,0,0,-56200,1,3,2,3,12820,6410,44870,Y
261,1000,0,0,-49400,19,1,0,3,13380,13380,53520,N
321,2000,6000000,0,-39100,7,1,1,2,520,0,4160,N
0,1000,0,61400,-41100,6,4,1,1,6620,6620,26480,N
405,500,0,0,-46900,11,1,0,0,5780,5780,52020,Y
304,1000,0,0,0,2,1,1,1,13340,6670,53360,N
1,500,0,52200,0,15,1,2,3,7890,23670,55230,N
26,1000,0,0,-53700,0,1,0,2,9960,4980,34860,N
202,2000,0,0,-37500,12,1,1,1,7040,14080,56320,N
289,500,8000000,0,-42700,1,1,1,0,8580,0,34320,N
61,2000,6000000,0,-53800,16,2,1,0,11960,5980,35880,Y
334,1000,6000000,0,0,2,1,2,1,12740,6370,38220,N
12,1000,0,51400,0,13,3,2,1,5930,5930,41510,N
86,2000,0,74200,-68100,0,1,2,2,9680,14520,38720,N
83,1000,0,0,0,0,3,0,1,6160,12320,43120,N
126,2000,0,55300,-58400,16,3,2,0,6180,12360,55620,N
209,500,0,38600,-52900,8,1,2,0,8900,8900,62300,N
283,1000,0,0,-46200,9,1,2,3,820,820,4920,N
194,1000,0,0,0,11,1,2,1,11760,5880,41160,N
184,1000,0,0,0,6,3,0,2,11940,5970,35820,Y
479,2000,0,0,0,18,1,0,0,5050,10100,45450,N
284,1000,0,0,-42400,11,1,0,3,6500,3250,26000,N
65,1000,0,43000,-42500,17,1,1,2,3570,7140,32130,N
222,1000,0,87800,-51200,21,3,1,0,14660,14660,58640,Y
196,2000,0,0,-78600,0,3,1,0,4780,4780,38240,N
253,500,7000000,46300,-33000,9,1,0,1,640,640,2560,N
280,1000,0,0,-51600,1,1,0,2,14000,7000,56000,N
5,2000,0,31500,0,22,1,1,3,16020,16020,56070,N
220,1000,0,33500,-49500,20,4,0,2,4340,4340,39060,N
85,1000,0,72400,-77000,9,3,2,1,5360,10720,42880,N
266,500,0,0,-45800,5,1,1,2,480,240,1440,N
41,1000,0,46700,0,12,1,1,1,530,1060,5300,N
316,2000,5000000,58300,0,6,3,2,0,7170,14340,57360,N
285,1000,0,55100,0,8,1,1,1,300,300,2100,N
379,500,0,41400,0,14,1,0,1,6330,6330,63300,N
15,2000,0,33500,-58900,10,1,1,3,6870,13740,54960,Y
354,2000,5000000,0,0,12,1,2,3,15040,15040,60160,N
342,1000,0,0,0,12,1,0,0,14720,7360,58880,N
169,1000,0,23300,0,12,3,1,3,6590,13180,59310,N
339,2000,0,98800,-65300,13,1,0,3,1240,620,4960,N
259,2000,0,65000,-49200,17,3,1,2,5690,11380,45520,N
65,1000,0,0,-71900,14,1,1,0,6550,6550,39300,Y
254,2000,0,0,-90600,3,3,1,3,5780,11560,46240,N
440,500,0,0,-56200,18,3,2,1,6140,6140,49120,N
478,1000,0,47600,0,5,1,1,3,940,470,3290,Y
230,2000,0,45400,-39400,19,1,0,2,13480,13480,47180,N
138,500,4000000,27700,-72400,0,1,2,2,6930,13860,62370,N
239,1000,7000000,51400,-6300,22,1,0,2,1660,830,8300,N
93,2000,0,0,0,21,3,1,3,8740,8740,30590,N
37,1000,0,49300,0,4,3,0,0,5670,11340,34020,N
254,500,0,0,0,10,1,0,1,0,5410,37870,Y
131,1000,0,65700,0,5,1,1,3,15280,7640,53480,N
230,2000,0,48100,0,13,1,0,2,13720,13720,48020,N
313,2000,0,0,0,18,3,2,1,13800,6900,48300,Y
210,500,0,0,0,6,1,1,2,1440,720,6480,N
101,500,0,30000,-53000,0,3,2,1,12220,12220,42770,N
153,500,0,52300,-55600,5,3,0,3,4250,4250,34000,N
337,500,0,0,-34600,8,1,0,1,14400,7200,64800,N
360,1000,0,0,-32900,5,1,2,2,840,840,2940,Y
428,1000,0,0,0,9,1,2,2,630,1260,5040,N
204,500,0,0,0,10,3,1,2,8340,8340,25020,N
364,500,0,0,0,16,1,2,1,14060,14060,49210,Y
185,2000,0,0,0,8,1,2,3,900,450,3600,N
63,500,6000000,0,-36500,5,1,0,2,860,860,3440,N
210,500,0,0,-19500,11,3,2,1,2730,2730,19110,Y
194,2000,0,46500,0,15,3,1,0,4880,9760,39040,N
294,500,0,22700,0,23,3,1,1,3900,3900,35100,N
272,2000,5000000,38600,-42800,23,1,0,0,16820,8410,58870,Y
27,2000,0,0,-55800,23,1,1,3,6840,6840,47880,N
251,2000,0,0,-31700,10,1,0,0,5530,5530,33180,N
180,2000,0,58100,-49000,12,4,2,3,11540,5770,40390,N
392,2000,0,68400,-66800,4,1,2,2,16620,16620,74790,N
143,500,5000000,0,-65700,16,1,2,0,10860,5430,38010,N
371,2000,0,34700,-81000,18,3,1,2,5380,5380,21520,Y
292,1000,0,0,-53800,15,3,1,1,16920,8460,59220,N
165,500,6000000,0,-49900,8,1,1,3,6970,6970,55760,N
158,1000,3000000,0,0,4,3,0,1,3640,7280,25480,N
241,1000,0,0,-54900,20,3,0,2,4690,4690,28140,N
103,2000,0,69500,-47700,1,3,2,3,14380,14380,50330,N
402,2000,0,48000,-79600,19,1,0,2,7530,15060,45180,Y
102,500,3000000,0,0,11,1,1,0,9480,4740,33180,Y
182,1000,0,50000,-56900,13,1,0,2,7110,14220,49770,N
282,2000,0,51100,-75100,2,1,2,2,13880,6940,48580,N
222,500,0,71400,0,9,3,2,1,5000,10000,40000,Y
415,1000,0,50400,0,15,2,1,3,7860,7860,35370,N
51,500,0,0,0,23,1,2,3,6420,19260,38520,Y
255,500,0,0,-40200,16,1,2,0,12240,12240,42840,N
143,500,0,37700,0,21,4,2,0,6920,13840,55360,N
130,1000,0,0,-38500,21,2,2,1,13080,13080,58860,N
242,2000,6000000,0,-57000,3,3,0,1,12380,12380,43330,N
96,1000,0,0,0,4,1,1,2,670,670,4690,N
180,1000,0,0,-55800,17,1,1,3,1020,510,3570,N
150,1000,0,40100,0,7,1,1,3,510,510,3570,N
463,1000,0,51700,0,14,2,1,2,7240,14480,50680,Y
472,500,0,0,0,13,1,2,3,14180,7090,49630,N
75,1000,0,0,0,23,2,2,3,6510,6510,52080,N
193,500,0,0,0,23,3,2,1,0,14280,49980,N
43,500,0,0,0,16,1,2,1,7270,21810,50890,Y
253,1000,0,36600,0,17,1,2,0,6290,6290,44030,N
152,500,0,58600,0,9,1,1,1,7690,7690,69210,Y
160,500,0,0,-43800,13,3,2,1,7420,14840,44520,N
56,500,0,0,-28800,13,1,1,2,0,6500,52000,N
286,500,0,45500,-62500,3,1,2,0,500,500,4000,N
3,500,5000000,0,0,3,1,2,1,500,1000,3500,Y
286,1000,6000000,71300,-70300,16,3,1,3,6050,12100,36300,N
239,1000,5000000,0,0,12,3,1,3,6880,6880,48160,N
64,2000,0,0,-61400,4,1,1,2,4370,4370,34960,Y
98,500,0,0,-26400,3,1,2,0,7120,7120,49840,N
16,1000,0,59300,-31400,0,1,2,1,10000,10000,35000,Y
70,1000,4000000,46000,0,19,1,2,3,0,550,3850,N
75,1000,0,0,0,15,2,0,1,5970,11940,53730,N
246,1000,0,0,0,6,1,1,0,6860,6860,48020,N
110,1000,0,0,-66200,3,1,0,3,5750,5750,46000,N
236,1000,4000000,0,-63900,17,1,0,0,870,1740,6090,N
267,2000,0,0,0,4,4,2,1,15420,7710,53970,N
463,500,0,0,0,14,1,2,0,6600,6600,46200,N
303,1000,0,0,0,3,3,1,0,9980,4990,39920,N
137,500,0,55600,-59700,4,3,2,1,6730,13460,53840,N
56,500,0,0,0,13,1,1,2,11180,11180,39130,N
75,1000,0,57900,-90100,23,3,0,2,6630,13260,59670,N
131,2000,0,0,-65200,3,1,0,1,490,490,3920,N
153,500,0,45600,-61400,0,3,1,0,14140,14140,49490,N
255,500,0,75800,0,14,2,2,2,7470,14940,52290,Y
103,500,0,66300,0,14,2,2,2,4060,4060,32480,N
97,1000,0,0,-32600,22,1,1,0,10060,10060,25150,N
214,2000,7000000,0,0,17,3,0,3,4280,8560,34240,N
438,500,0,0,0,14,1,0,0,4070,4070,32560,Y
87,500,0,0,0,2,1,2,1,6300,3150,25200,N
27,1000,0,0,0,4,1,2,0,400,400,2400,N
206,1000,0,0,-74200,2,1,1,1,7180,14360,57440,Y
127,500,0,58200,0,10,1,1,0,560,1120,4480,N
422,1000,0,43600,-67800,11,1,1,1,15500,7750,62000,N
303,2000,5000000,0,0,1,4,1,2,12140,6070,54630,N
228,500,0,43700,0,20,1,0,2,1100,1100,3850,N
239,2000,0,44200,-37000,10,1,2,3,15980,7990,63920,Y
330,2000,0,0,-56400,20,2,0,2,11000,5500,44000,Y
128,500,0,0,0,10,3,2,1,16040,16040,56140,N
147,1000,6000000,0,-48400,2,2,1,2,9760,4880,39040,N
287,1000,0,0,-54600,19,1,0,2,5380,5380,43040,N
142,2000,0,0,-48500,10,1,1,2,4530,9060,40770,Y
162,2000,0,0,0,14,1,0,3,9880,4940,39520,N
140,1000,0,0,-42900,5,1,0,2,520,260,2080,Y
106,2000,0,0,0,8,1,2,1,0,1220,4270,N
292,1000,0,0,0,4,1,0,2,670,1340,5360,N
34,500,0,0,0,4,3,1,0,5080,5080,40640,Y
290,500,5000000,45300,0,20,2,1,1,5190,5190,31140,N
182,2000,0,53800,-78300,18,1,2,3,8150,16300,65200,N
362,1000,0,44400,-71500,0,3,0,3,0,0,39690,N
143,1000,0,79900,0,1,1,2,0,5660,5660,50940,N
183,500,0,20200,0,17,1,0,1,9440,4720,37760,Y
254,500,5000000,0,-74400,23,1,2,2,9720,4860,38880,N
249,2000,0,0,-71200,4,3,2,1,5710,5710,45680,N
169,500,0,50700,-57600,0,3,2,3,14080,7040,56320,N
235,500,0,0,0,11,1,1,2,6830,13660,47810,N
112,1000,0,57800,-53700,4,1,0,2,460,920,3680,N
16,1000,0,50800,-66200,0,3,0,2,6600,13200,39600,Y
128,500,0,0,-28300,2,3,0,2,0,15540,54390,Y
103,1000,0,0,-74800,11,3,1,1,7770,15540,54390,N
356,500,0,58500,-44000,23,3,2,1,12500,12500,43750,Y
109,2000,6000000,0,0,17,3,1,3,16560,16560,57960,N
2,1000,4000000,0,-54700,22,1,1,3,4030,8060,36270,N
198,1000,0,0,-55100,18,1,1,1,9500,9500,76000,N
107,500,4000000,82100,0,8,1,1,3,780,390,2730,N
252,500,9000000,0,-33300,15,3,0,3,11880,5940,41580,Y
303,1000,7000000,42900,-61500,20,1,2,0,6690,6690,46830,N
101,500,0,52600,-30400,4,1,0,3,8720,4360,30520,N
446,2000,0,42700,-64900,10,3,0,0,6280,12560,43960,N
330,1000,0,0,0,10,1,1,3,11900,5950,41650,N
211,2000,4000000,42200,-33800,22,3,1,0,5940,5940,41580,N
172,1000,6000000,41300,-42000,15,3,0,1,7580,7580,26530,N
316,500,7000000,0,-51000,13,1,0,1,6310,12620,44170,N
435,500,5000000,73500,-43300,23,1,2,1,5240,10480,47160,Y
344,1000,0,0,-38700,18,3,2,2,17400,11600,46400,Y
204,2000,0,0,-49300,7,1,1,1,4200,8400,33600,N
278,500,0,0,-39800,21,1,2,2,5850,5850,46800,N
434,2000,0,0,0,15,3,1,3,11040,11040,44160,N
209,2000,0,0,0,17,3,1,3,8180,8180,49080,N
250,2000,0,37800,0,2,1,0,3,10700,10700,42800,N
61,2000,0,0,0,1,3,1,0,4040,4040,24240,N
80,1000,0,0,-18600,3,1,0,1,3720,3720,26040,N
25,1000,7000000,40900,0,0,1,1,1,480,960,2880,N
4,500,5000000,0,-77800,4,1,0,2,840,420,2940,N
32,500,0,0,-45700,11,3,2,0,10540,5270,42160,N
125,500,0,55400,-40400,4,1,1,2,0,960,3360,N
276,500,0,44500,-61400,11,3,0,2,13860,6930,48510,N
148,500,0,57500,-93600,4,3,2,2,4060,4060,24360,N
222,2000,0,0,-64500,20,1,2,2,6720,6720,47040,N
32,2000,5000000,0,0,22,1,0,0,440,440,1760,N
78,500,0,0,-66500,4,1,0,3,550,1100,4400,N
238,1000,4000000,0,-44800,21,4,0,0,4270,4270,34160,Y
313,1000,0,63900,-53300,20,1,1,3,3660,7320,29280,Y
334,500,0,26700,-47200,7,1,2,0,5000,10000,35000,N
190,500,5000000,0,0,4,1,0,1,640,320,2880,N
194,500,0,52500,-51300,17,3,0,2,13700,20550,61650,N
290,1000,0,0,-61400,20,3,1,3,6240,12480,37440,N
26,1000,0,50700,-36300,10,1,2,3,5730,11460,45840,N
254,500,5000000,42200,-48000,8,1,2,2,5770,11540,46160,N
199,1000,0,0,-53100,6,1,0,2,8080,4040,32320,Y
137,500,0,48500,-67400,4,1,1,1,1200,1200,4200,N
134,1000,0,14100,-44500,17,3,2,0,9650,9650,57900,N
73,500,0,0,0,15,3,0,0,0,11400,45600,N
289,2000,0,46700,-72500,9,1,2,1,300,300,2100,N
176,500,5000000,32800,-50600,17,1,2,1,4300,8600,34400,N
145,2000,0,0,-35900,13,1,2,3,5010,10020,40080,N
164,500,0,44500,-55900,5,1,1,0,480,480,3360,N
186,2000,0,39300,-60300,23,3,2,2,11460,5730,51570,Y
85,2000,9000000,0,0,1,2,2,1,14880,7440,52080,Y
162,500,0,45700,0,17,4,2,1,3530,3530,28240,Y
396,500,0,0,-49400,3,1,1,3,480,480,1680,N
270,1000,0,62200,0,17,3,1,1,4630,9260,46300,Y
168,1000,0,0,-42600,23,3,1,3,3780,7560,30240,Y
274,1000,0,54700,-47900,13,1,0,0,11700,0,46800,Y
263,1000,0,0,0,17,1,2,3,13220,6610,59490,N
152,1000,0,0,0,2,1,0,2,7510,7510,67590,Y
46,2000,0,43700,-66300,23,3,1,3,13100,19650,45850,Y
276,2000,0,0,-70400,17,1,1,2,5710,5710,39970,Y
234,500,0,0,0,3,1,1,0,7020,7020,56160,Y
64,2000,0,0,-51100,16,1,2,1,490,1470,2940,N
456,1000,0,82600,-49500,13,3,1,3,5540,11080,49860,Y
58,2000,5000000,57500,0,8,1,2,1,4580,9160,36640,Y
475,500,0,0,-59500,23,1,0,2,9900,9900,44550,N
96,1000,5000000,47500,-58700,15,3,2,3,5540,11080,38780,Y
99,500,0,0,0,3,1,2,2,4990,9980,34930,N
38,500,4000000,78000,0,4,3,0,3,12480,12480,49920,N
259,2000,0,0,0,8,1,0,0,16280,16280,73260,N
241,1000,0,0,-36000,21,1,1,0,1300,650,5200,N
437,2000,0,66100,-31400,23,1,0,0,11160,11160,33480,N
130,500,0,0,-41200,8,1,1,3,1060,1060,3710,N
269,2000,0,0,-46400,21,1,2,1,17180,17180,51540,Y
103,500,0,72100,0,5,1,2,3,790,1580,4740,N
284,500,0,48200,0,12,3,0,0,6720,3360,26880,N
189,2000,0,0,0,7,3,2,0,6440,6440,51520,N
267,500,0,49000,0,0,1,1,3,480,0,1440,N
39,500,0,0,0,14,1,0,1,15660,7830,62640,Y
140,1000,5000000,0,0,13,1,2,3,14940,7470,59760,Y
243,1000,0,17300,-60400,1,1,1,0,10060,5030,35210,Y
116,500,0,28600,0,23,1,0,0,4420,8840,30940,N
219,1000,0,51300,0,1,1,2,2,6060,6060,54540,N
96,2000,0,10000,0,9,1,2,3,7120,14240,56960,N
149,500,0,0,-60000,3,1,0,1,16160,16160,72720,N
246,1000,6000000,0,0,0,1,2,1,5070,5070,40560,N
293,1000,0,51500,0,13,3,1,1,11380,5690,34140,N
339,500,0,0,0,18,3,2,1,8640,8640,34560,N
160,1000,0,61600,0,17,3,2,3,5280,5280,42240,N
224,500,0,0,-51400,11,1,0,0,9200,13800,32200,N
194,1000,0,55300,-37900,0,1,0,3,1400,1400,6300,N
385,1000,0,0,-61000,14,3,1,3,13520,6760,47320,N
100,500,6000000,67300,0,4,1,1,2,6800,6800,27200,N
371,1000,0,79600,0,2,3,2,1,13000,13000,58500,Y
175,500,5000000,0,-43600,9,3,2,2,13020,6510,52080,Y
373,500,0,0,0,21,4,0,2,6060,12120,42420,Y
258,500,0,0,-44400,0,3,2,3,6770,20310,54160,Y
255,500,0,38200,0,17,3,0,3,2930,5860,20510,N
37,500,0,0,0,21,3,1,1,6950,13900,55600,N
322,1000,0,49900,-62700,20,3,0,3,9880,4940,34580,N
204,2000,0,0,-45100,5,1,0,1,16460,16460,57610,N
76,500,5000000,39900,-44000,7,1,2,1,1460,730,5840,N
193,500,0,34200,-32300,6,1,0,0,6390,6390,51120,N
405,500,0,57100,0,2,4,0,2,4830,4830,28980,N
435,2000,0,0,-40000,19,3,1,1,9220,4610,27660,N
54,500,0,68500,-42100,21,3,2,0,14380,7190,57520,N
144,500,0,0,0,3,3,0,0,17580,8790,61530,N
92,500,0,58900,-29100,22,1,2,3,5340,5340,42720,N
173,1000,0,51000,0,22,1,2,3,9460,9460,33110,N
436,500,0,67600,-65300,16,1,0,2,14920,7460,59680,N
155,1000,0,83600,0,0,1,0,3,8060,8060,32240,N
78,1000,0,72600,0,1,3,2,1,5810,11620,34860,N
440,1000,5000000,51500,-52100,19,3,0,3,12400,12400,43400,Y
264,500,6000000,0,0,0,3,2,1,13500,6750,40500,Y
66,500,0,21100,-60800,2,3,0,2,11920,11920,41720,Y
366,1000,0,21200,0,5,3,1,3,12780,12780,44730,N
188,500,0,46300,0,6,1,2,0,5000,5000,35000,N
224,1000,0,0,-47100,21,3,2,1,12360,6180,43260,N
253,500,0,52900,0,11,3,0,0,5870,11740,46960,N
446,1000,0,49900,-62100,3,1,2,0,7050,14100,49350,N
169,1000,0,70600,-48500,4,3,2,1,17370,5790,34740,N
255,500,0,0,-52600,2,3,1,0,5260,10520,42080,N
209,500,0,67800,0,22,1,1,1,8400,4200,25200,N
210,500,0,38700,-33100,8,1,1,3,6330,6330,50640,N
174,2000,0,0,0,14,3,0,1,8840,4420,30940,N
70,1000,0,67200,-59400,14,4,1,0,3520,3520,24640,N
89,2000,0,49100,-45100,5,1,1,2,10,20,70,N
458,1000,0,53000,0,18,1,2,1,6260,6260,43820,N
239,500,0,0,0,20,3,0,0,6340,6340,57060,N
161,2000,0,60200,0,0,3,2,2,5040,15120,40320,N
446,1000,0,0,-15700,1,3,2,1,6740,13480,60660,N
476,1000,0,42800,-68200,10,1,1,2,8980,4490,35920,N
70,1000,0,62400,-52300,12,1,0,3,11560,11560,46240,N
233,2000,0,67100,0,6,1,0,1,680,680,2380,N
122,500,0,0,-48700,1,1,0,1,460,920,3680,N
335,2000,0,59900,-34800,21,3,0,0,3260,6520,26080,Y
257,2000,0,46100,-46900,3,3,2,1,7700,3850,38500,Y
85,2000,0,50400,-61500,14,4,0,0,10740,5370,42960,N
133,1000,0,0,-31700,19,3,1,2,3160,3160,22120,N
119,500,0,57100,0,7,1,2,1,8280,8280,28980,Y
169,500,0,0,-57600,0,1,0,0,7740,3870,27090,N
225,500,0,83900,-52100,6,1,2,1,1060,530,4240,N
84,500,7000000,0,0,0,1,0,2,4770,9540,42930,Y
169,2000,0,0,-36800,9,3,0,3,4200,8400,33600,N
124,1000,0,29300,0,23,1,0,1,5770,5770,46160,N
320,2000,7000000,46300,-41700,13,3,2,0,4680,9360,42120,N
297,500,7000000,0,-59500,0,3,0,3,5550,5550,33300,N
421,500,4000000,49500,-81100,7,1,2,3,16860,8430,67440,Y
136,1000,0,37900,0,23,1,0,1,3070,6140,21490,N
46,2000,4000000,46800,0,7,1,2,0,11320,5660,39620,N
34,2000,0,0,-27700,20,1,0,1,660,660,2640,N
95,2000,0,48900,0,22,1,0,3,3480,6960,24360,N
140,500,0,43200,0,10,3,2,0,7950,7950,63600,N
200,1000,3000000,0,0,10,1,2,2,5600,5600,44800,N
123,500,0,64800,-44200,17,1,1,0,16280,0,56980,Y
267,2000,0,35000,0,3,1,2,3,900,450,3600,N
290,500,0,32500,0,10,1,0,1,4800,9600,33600,N
45,1000,0,0,0,1,1,0,1,10440,5220,36540,N
186,2000,0,80900,-111100,1,3,2,3,12300,12300,49200,N
135,2000,0,0,-69600,7,1,1,2,15640,7820,54740,N
110,1000,0,0,0,19,1,2,3,13800,9200,32200,Y
259,2000,0,0,-58300,3,3,0,2,6340,6340,44380,N
114,1000,0,0,-34700,3,1,0,3,520,520,3640,N
404,1000,4000000,0,-63700,23,1,2,0,5310,5310,42480,Y
282,2000,7000000,26900,-55300,7,1,1,2,640,320,2560,N
57,2000,0,63100,-54100,0,3,0,1,14580,14580,43740,N
215,500,0,0,0,10,1,0,1,7070,14140,49490,N
140,500,0,100500,0,4,4,0,0,5470,10940,43760,N
250,500,0,69500,-40700,16,1,1,1,13600,6800,54400,Y
286,1000,0,25800,0,3,1,2,0,820,410,2870,N
356,2000,0,0,0,5,1,0,3,5590,11180,44720,N
65,1000,0,0,0,14,1,0,0,720,1440,5040,N
187,500,0,59500,0,7,3,0,0,8200,4100,32800,N
386,500,0,36800,0,16,1,2,3,12120,6060,48480,N
197,1000,0,0,-64500,6,1,2,2,15280,7640,53480,Y
166,500,0,0,0,10,1,1,1,10600,10600,37100,N
293,2000,0,34900,0,19,1,1,1,5210,10420,41680,N
179,2000,0,0,0,10,1,0,1,5900,5900,41300,N
76,1000,0,0,0,6,3,1,1,14940,7470,52290,N
105,500,0,0,0,12,3,2,2,12100,6050,42350,N
97,1000,0,0,-72100,10,3,2,3,7720,15440,61760,Y
148,1000,5000000,55100,0,0,1,2,0,5550,11100,44400,N
77,2000,0,49700,0,12,3,2,0,12560,6280,50240,Y
295,500,0,52200,-44500,10,1,1,3,760,380,3420,N
126,500,0,0,0,3,4,0,1,11300,11300,45200,N
132,2000,0,43100,-31900,21,1,1,1,1120,560,3920,N
370,2000,7000000,0,-53200,6,1,0,2,900,1800,6300,N
257,1000,0,52100,0,0,1,0,1,21330,7110,56880,N
9,2000,0,51700,-33300,6,1,0,3,540,1080,4320,Y
185,500,0,0,0,20,3,1,1,9340,4670,37360,Y
234,500,0,0,-48800,4,1,2,2,10320,5160,36120,N
253,2000,0,45800,0,9,1,0,3,600,600,4200,N
233,2000,0,0,0,20,3,1,0,5430,5430,38010,N
274,500,0,0,0,7,1,2,1,860,860,3870,N
297,1000,0,0,-71400,18,3,0,2,6870,0,48090,Y
273,1000,0,59600,0,0,3,1,3,7960,3980,27860,N
147,2000,0,0,0,11,3,0,1,6240,6240,43680,Y
285,500,0,63100,-79400,13,1,0,3,5270,10540,36890,N
289,1000,0,0,0,19,3,1,3,7620,7620,53340,N
427,1000,7000000,0,-54400,23,1,1,2,12980,19470,58410,Y
380,2000,6000000,0,0,23,1,0,3,570,570,4560,N
13,1000,0,0,-75000,19,3,2,0,8630,8630,77670,N
282,500,0,75800,0,19,1,1,2,4680,9360,32760,Y
312,1000,0,66900,-51800,17,3,2,3,7040,7040,42240,N
266,2000,0,0,-41400,18,1,1,3,7590,15180,60720,N
30,500,0,0,-63500,17,3,2,2,5790,5790,46320,N
198,1000,0,0,0,11,3,1,3,5490,5490,38430,N
290,2000,0,54400,0,22,3,0,1,6620,6620,52960,N
260,2000,0,35000,0,7,1,0,1,10680,10680,42720,N
233,1000,0,0,0,17,3,2,3,8500,4250,29750,N
130,2000,0,0,-40800,16,3,2,3,8900,4450,35600,N
230,1000,0,0,-45300,13,3,1,2,10700,10700,37450,N
212,1000,0,73200,0,17,3,0,2,8240,8240,65920,N
299,1000,0,0,-48800,3,1,2,0,6780,6780,40680,N
91,1000,0,52700,0,15,3,0,2,7420,7420,59360,N
398,2000,0,21500,0,16,1,2,1,5270,5270,36890,N
218,500,0,61100,-64500,18,1,1,3,13640,6820,47740,Y
152,1000,0,0,0,18,1,1,0,7100,7100,49700,N
212,1000,0,60300,-58900,22,2,0,3,11860,5930,41510,N
242,2000,6000000,0,-61600,15,3,1,2,6690,13380,46830,Y
80,500,0,0,-51000,16,3,1,3,3710,7420,29680,Y
260,500,0,54500,-72100,18,1,1,0,15080,7540,52780,N
133,500,0,70900,-61100,8,1,2,0,420,840,2940,N
290,1000,0,38500,0,23,3,0,0,5850,5850,40950,Y
322,2000,0,0,-46000,18,1,0,2,7680,7680,26880,N
228,500,0,35200,0,10,1,1,0,6610,6610,46270,N
195,1000,8000000,0,0,12,1,0,2,4420,4420,35360,Y
247,500,0,0,-49300,5,1,1,2,770,1540,5390,N
405,1000,4000000,46300,0,21,3,2,3,10240,10240,40960,N
144,2000,0,73700,0,17,3,1,3,5440,10880,38080,Y
338,500,4000000,0,0,4,1,2,1,9760,9760,39040,N
121,500,0,0,0,11,1,1,1,6730,6730,53840,Y
398,2000,0,66200,-49700,18,1,1,3,3340,6680,26720,Y
9,1000,0,0,0,12,1,0,0,15580,15580,54530,N
115,1000,0,0,0,18,3,0,3,0,4270,29890,Y
280,1000,0,0,-72000,16,1,2,2,10220,10220,40880,N
254,500,0,59800,0,19,3,0,0,13280,13280,53120,N
141,1000,0,78800,0,13,1,1,0,6860,6860,48020,N
441,500,4000000,24000,-50500,4,1,0,0,640,640,5120,N
381,500,0,35900,0,8,1,1,2,12120,6060,42420,N
191,2000,0,0,0,19,3,2,0,10240,5120,40960,N
145,1000,0,0,0,18,1,2,0,9500,4750,38000,N
479,1000,0,0,-44800,9,2,0,3,5390,10780,37730,N
215,1000,0,40000,-43400,6,1,2,1,220,440,1980,N
41,500,0,0,0,8,1,0,0,1380,1380,6210,N
45,500,0,0,0,6,1,1,3,1000,1000,4000,N
156,500,0,26500,0,23,3,0,3,11040,5520,38640,Y
246,500,0,0,0,13,1,0,3,660,1320,5280,N
178,500,0,0,0,3,3,2,0,11760,11760,41160,N
237,500,0,53200,0,23,1,0,1,0,11840,47360,N
127,500,0,73700,0,8,1,1,3,470,940,3290,N
1,2000,0,61200,0,23,1,0,3,6940,6940,55520,N
5,500,5000000,0,0,23,1,0,0,4050,4050,32400,N
64,1000,0,56800,-51800,9,3,2,1,5000,10000,45000,N
142,500,0,66400,-63700,22,1,2,3,11220,11220,44880,N
97,500,0,56700,-49300,22,3,2,1,8410,8410,58870,N
121,1000,0,51300,0,15,3,1,2,6430,6430,51440,Y
225,1000,0,0,-20900,16,3,2,0,6440,6440,51520,N
425,2000,0,42900,-39100,17,3,1,2,16180,16180,64720,N
285,2000,0,52600,0,3,1,1,0,500,500,4500,N
192,1000,0,65100,-50300,10,3,0,2,3070,6140,21490,N
285,2000,0,46100,0,9,1,1,2,3720,3720,26040,N
98,2000,0,0,-30900,13,2,0,1,14540,7270,43620,N
175,500,0,44900,-52500,15,3,2,1,3880,7760,31040,Y
259,2000,0,30100,0,23,1,1,1,7980,7980,71820,N
140,2000,0,0,-67000,2,4,0,2,14560,14560,43680,N
231,500,0,0,0,14,1,2,0,0,7910,63280,Y
186,500,0,70300,-70900,7,1,1,1,400,400,2800,N
229,2000,3000000,65400,0,23,1,1,3,10440,10440,41760,N
180,500,0,0,0,7,3,2,1,12660,6330,50640,N
188,1000,0,0,-68800,8,3,1,0,13820,6910,55280,Y
214,1000,0,57700,-43500,17,1,1,0,8040,4020,32160,N
178,500,0,0,0,10,3,0,3,5200,10400,41600,N
55,500,8000000,0,0,9,1,0,3,560,560,1960,N
90,2000,0,42100,0,2,1,1,0,13780,6890,55120,N
135,2000,0,37100,-46500,18,3,0,1,5940,2970,23760,N
277,2000,0,0,-65500,4,1,2,3,430,860,2580,N
211,1000,0,0,0,12,1,0,3,8320,16640,66560,Y
156,500,0,0,0,15,1,1,3,6790,13580,54320,Y
84,2000,0,0,-15900,9,1,1,3,420,840,3360,N
136,500,0,0,0,6,1,0,0,10000,10000,35000,Y
310,500,0,11000,0,11,4,0,2,13200,6600,39600,Y
123,2000,0,16100,-61200,13,3,1,1,6140,0,49120,N
243,500,0,33200,0,4,3,2,1,5140,10280,35980,N
36,1000,0,0,-59800,20,3,1,3,5420,10840,32520,N
146,1000,5000000,0,0,0,3,1,3,5820,5820,40740,N
154,1000,0,53100,-43900,18,4,2,3,13520,13520,47320,Y
204,1000,7000000,44000,-20800,6,1,1,0,5340,5340,42720,N
458,1000,0,31400,0,23,1,2,2,14360,14360,43080,N
147,500,6000000,51900,0,4,1,0,0,8530,0,59710,Y
279,2000,6000000,61100,-30700,21,3,1,0,11100,11100,38850,Y
308,1000,6000000,45700,-41400,7,1,1,1,860,860,3870,N
284,500,0,47900,0,19,3,0,0,8520,8520,29820,N
108,2000,6000000,52800,-54300,5,1,1,3,780,780,2730,N
421,2000,0,69900,0,22,3,0,0,15700,7850,54950,N
266,1000,0,12800,-49700,12,1,1,3,7870,7870,55090,N
412,500,0,0,-66100,19,3,0,2,15120,7560,45360,N
31,2000,4000000,46800,-87300,10,1,2,0,5300,10600,47700,Y
465,500,6000000,0,0,7,1,0,3,4840,4840,33880,N
126,1000,0,42300,-45800,17,1,1,1,13520,6760,40560,N
407,1000,5000000,0,-57700,0,3,2,3,11360,11360,45440,N
101,500,6000000,30800,-43700,9,1,1,0,940,470,3760,N
187,1000,5000000,60100,0,21,1,0,3,5770,5770,46160,N
252,2000,0,0,0,22,3,0,2,14920,14920,59680,N
229,2000,0,42600,-44400,3,1,1,0,420,840,3360,N
246,1000,0,0,-36600,16,1,0,3,5020,5020,35140,N
190,500,0,61900,-50000,14,1,0,0,9020,4510,31570,N
95,2000,0,67800,-48600,21,3,0,3,15120,15120,52920,N
205,2000,4000000,0,0,19,1,2,1,15660,15660,54810,N
41,1000,0,35400,0,13,3,1,3,9600,4800,33600,N
137,500,0,0,-45300,21,1,0,0,600,600,2100,N
194,500,0,67800,0,11,3,1,2,11440,5720,40040,N
128,1000,0,0,-48800,16,1,2,0,1380,690,5520,N
150,1000,0,30400,-89400,9,1,0,2,12320,12320,55440,N
104,500,0,0,-70100,8,1,0,0,960,480,3360,N
163,1000,4000000,0,-36400,7,1,2,1,390,780,2730,Y
80,1000,0,64600,0,12,1,0,0,9040,9040,72320,N
65,2000,5000000,0,0,21,3,0,0,6290,12580,44030,N
179,1000,6000000,53800,0,4,1,1,2,5420,10840,37940,Y
372,2000,0,0,0,18,3,2,2,5180,10360,36260,N
398,500,0,69400,0,7,1,2,3,600,1200,4800,N
213,500,0,58500,-77700,13,1,2,0,13480,6740,53920,N
79,500,0,53400,-35200,0,1,2,1,13560,6780,47460,N
232,2000,0,25800,0,22,1,1,1,5540,11080,38780,Y
230,1000,0,0,-51500,15,1,2,3,9820,4910,34370,Y
234,500,0,59400,-78600,3,3,2,1,15120,7560,75600,Y
240,500,9000000,0,-70900,18,2,0,2,6050,12100,48400,N
143,1000,0,38400,-5700,17,3,2,2,14080,7040,49280,N
266,500,4000000,0,-49600,18,3,1,1,4440,8880,39960,Y
89,1000,0,27600,0,11,1,2,3,15380,15380,53830,N
229,1000,0,0,-55400,17,1,0,2,9920,9920,34720,N
245,1000,0,39300,0,12,1,0,2,7470,7470,67230,N
50,2000,0,0,-65800,15,3,1,2,6110,12220,42770,N
230,2000,0,28900,0,0,3,0,3,5190,10380,36330,Y
17,1000,0,32500,-80800,9,1,2,1,430,430,2580,N
163,1000,0,55700,-49900,1,1,2,1,5710,11420,34260,N
29,1000,0,0,-21500,22,1,0,2,7690,7690,61520,N
232,500,0,0,-58400,11,1,2,3,15400,7700,53900,Y
235,2000,4000000,0,0,10,1,0,3,9280,9280,41760,Y
295,500,0,0,0,5,1,1,1,12140,6070,42490,N
22,1000,0,37500,-54000,3,3,1,2,5920,0,47360,N
286,500,3000000,77500,-32800,18,1,2,2,3810,3810,26670,N
257,1000,0,59400,-32200,21,1,0,1,0,5220,41760,N
94,500,0,50300,0,6,3,1,2,3670,7340,25690,N
124,1000,0,0,-32100,20,3,0,1,6020,6020,48160,N
141,1000,0,0,-82100,6,1,1,2,540,1080,4860,N
3,1000,0,0,0,20,1,0,1,17440,8720,61040,N
285,1000,0,70900,0,23,1,2,3,18080,18080,72320,N
130,500,3000000,35100,0,4,3,2,3,7500,7500,52500,N
458,2000,5000000,0,0,2,1,0,1,5220,5220,36540,N
456,1000,0,0,0,6,1,0,3,460,920,3680,N
